Team,W,L,ORtg,DRtg,NRtg,Pace,FTr,3PAr,TS_Pct,Off_eFG_Pct,Off_TOV_Pct,ORB_Pct,Def_eFG_Pct,Def_TOV_Pct,DRB_Pct,Season,Win_Pct
Golden State Warriors,67.0,15.0,115.6,104.0,11.6,99.8,0.259,0.359,0.597,0.563,13.2,22.8,0.486,13.5,74.9,2016-17,0.8170731707317073
San Antonio Spurs,61.0,21.0,111.1,103.5,7.6,94.2,0.263,0.281,0.564,0.524,12.6,24.0,0.492,13.5,77.6,2016-17,0.7439024390243902
Houston Rockets,55.0,27.0,114.7,109.0,5.7,100.0,0.304,0.462,0.583,0.545,13.3,24.6,0.519,13.2,75.8,2016-17,0.6707317073170732
Toronto Raptors,51.0,31.0,112.3,107.8,4.5,94.7,0.293,0.289,0.561,0.517,11.8,25.0,0.507,13.5,76.3,2016-17,0.6219512195121951
Los Angeles Clippers,51.0,31.0,112.7,108.2,4.5,96.1,0.312,0.329,0.574,0.537,12.0,21.5,0.506,12.1,76.9,2016-17,0.6219512195121951
Utah Jazz,51.0,31.0,109.6,105.3,4.3,91.6,0.288,0.327,0.563,0.526,13.2,23.2,0.493,11.8,78.9,2016-17,0.6219512195121951
Cleveland Cavaliers,51.0,31.0,113.6,110.3,3.3,96.2,0.275,0.399,0.58,0.547,12.6,21.9,0.516,11.4,75.8,2016-17,0.6219512195121951
Boston Celtics,53.0,29.0,111.2,108.4,2.8,96.8,0.273,0.393,0.567,0.525,12.2,21.2,0.503,12.6,75.3,2016-17,0.6463414634146342
Washington Wizards,49.0,33.0,111.2,109.3,1.9,97.4,0.254,0.284,0.564,0.528,12.8,24.1,0.524,13.8,75.5,2016-17,0.5975609756097561
Miami Heat,41.0,41.0,107.8,106.7,1.1,95.2,0.251,0.314,0.541,0.512,12.4,24.2,0.496,12.6,76.4,2016-17,0.5
Oklahoma City Thunder,47.0,35.0,108.3,107.5,0.8,97.8,0.295,0.295,0.54,0.5,13.2,27.9,0.511,12.5,79.0,2016-17,0.573170731707317
Memphis Grizzlies,43.0,39.0,107.7,107.1,0.6,92.3,0.28,0.316,0.535,0.491,12.1,24.8,0.506,13.6,77.5,2016-17,0.524390243902439
Denver Nuggets,40.0,42.0,113.2,112.7,0.5,98.3,0.276,0.329,0.568,0.53,13.2,27.3,0.532,10.9,78.7,2016-17,0.4878048780487805
Chicago Bulls,41.0,41.0,107.4,107.0,0.4,95.3,0.259,0.256,0.53,0.487,12.3,27.0,0.507,12.4,76.8,2016-17,0.5
Charlotte Hornets,36.0,46.0,108.8,108.6,0.2,95.7,0.279,0.335,0.547,0.501,10.7,19.9,0.523,12.1,79.6,2016-17,0.4390243902439024
Indiana Pacers,42.0,40.0,108.6,108.8,-0.2,95.9,0.261,0.272,0.558,0.516,12.8,21.2,0.512,13.6,75.5,2016-17,0.5121951219512195
Milwaukee Bucks,42.0,40.0,109.1,109.3,-0.2,94.5,0.274,0.29,0.565,0.527,13.2,21.5,0.518,13.6,75.4,2016-17,0.5121951219512195
Portland Trail Blazers,41.0,41.0,110.3,110.8,-0.5,96.7,0.275,0.322,0.559,0.52,12.5,23.0,0.508,11.6,76.8,2016-17,0.5
Atlanta Hawks,43.0,39.0,104.9,105.7,-0.8,97.4,0.295,0.309,0.541,0.504,14.2,23.6,0.507,13.8,76.1,2016-17,0.524390243902439
Detroit Pistons,37.0,45.0,106.0,107.1,-1.1,95.0,0.218,0.263,0.521,0.492,10.9,24.1,0.516,12.1,81.2,2016-17,0.4512195121951219
Minnesota Timberwolves,31.0,51.0,110.8,112.0,-1.2,94.6,0.287,0.249,0.555,0.511,12.9,27.2,0.535,13.2,75.9,2016-17,0.3780487804878049
New Orleans Pelicans,34.0,48.0,105.2,107.4,-2.2,98.0,0.256,0.308,0.539,0.504,11.7,18.5,0.509,12.4,76.8,2016-17,0.4146341463414634
Dallas Mavericks,33.0,49.0,105.6,108.8,-3.2,92.2,0.225,0.366,0.541,0.505,11.6,18.1,0.529,14.4,77.6,2016-17,0.4024390243902439
New York Knicks,31.0,51.0,107.7,111.5,-3.8,96.0,0.239,0.279,0.534,0.496,12.4,26.6,0.511,11.7,74.1,2016-17,0.3780487804878049
Sacramento Kings,32.0,50.0,107.3,111.3,-4.0,94.9,0.284,0.291,0.556,0.516,13.7,21.0,0.528,12.9,76.3,2016-17,0.3902439024390244
Phoenix Suns,24.0,58.0,106.6,112.2,-5.6,100.3,0.297,0.255,0.538,0.493,13.4,26.0,0.525,13.1,76.4,2016-17,0.2926829268292683
Philadelphia 76ers,28.0,54.0,103.2,108.9,-5.7,98.5,0.258,0.349,0.539,0.501,14.9,22.4,0.512,13.5,75.3,2016-17,0.3414634146341463
Brooklyn Nets,20.0,62.0,104.1,110.7,-6.6,101.3,0.289,0.371,0.551,0.507,14.7,19.6,0.513,11.6,76.1,2016-17,0.2439024390243902
Orlando Magic,29.0,53.0,103.7,110.5,-6.8,96.8,0.246,0.3,0.524,0.489,12.1,21.6,0.523,11.9,77.4,2016-17,0.3536585365853658
Los Angeles Lakers,26.0,56.0,106.0,113.0,-7.0,98.5,0.259,0.295,0.537,0.501,13.5,25.0,0.542,13.0,75.8,2016-17,0.3170731707317073
Houston Rockets,65.0,17.0,114.7,106.1,8.6,97.6,0.298,0.502,0.59,0.551,12.7,21.3,0.521,13.4,79.9,2017-18,0.7926829268292683
Toronto Raptors,59.0,23.0,113.8,105.9,7.9,97.4,0.25,0.377,0.575,0.539,12.1,23.0,0.501,13.0,77.7,2017-18,0.7195121951219512
Golden State Warriors,58.0,24.0,113.6,107.7,5.9,99.6,0.239,0.339,0.603,0.569,14.1,21.0,0.504,12.6,76.3,2017-18,0.7073170731707317
Utah Jazz,48.0,34.0,108.4,103.9,4.5,95.7,0.26,0.357,0.564,0.527,13.7,21.5,0.506,14.0,79.8,2017-18,0.5853658536585366
Philadelphia 76ers,52.0,30.0,109.5,105.0,4.5,99.8,0.263,0.344,0.568,0.535,14.6,25.3,0.492,12.6,78.6,2017-18,0.6341463414634146
Boston Celtics,55.0,27.0,107.6,103.9,3.7,96.0,0.243,0.357,0.552,0.518,12.9,21.5,0.495,13.0,78.4,2017-18,0.6707317073170732
Oklahoma City Thunder,48.0,34.0,110.7,107.2,3.5,96.7,0.275,0.345,0.546,0.514,12.4,27.7,0.525,14.7,77.4,2017-18,0.5853658536585366
San Antonio Spurs,47.0,35.0,107.9,104.8,3.1,95.0,0.245,0.282,0.543,0.507,12.2,23.7,0.507,13.2,78.6,2017-18,0.573170731707317
Portland Trail Blazers,49.0,33.0,109.1,106.4,2.7,96.5,0.24,0.324,0.549,0.511,12.3,23.3,0.503,11.7,79.1,2017-18,0.5975609756097561
Minnesota Timberwolves,47.0,35.0,113.4,111.1,2.3,96.0,0.28,0.261,0.566,0.523,11.4,24.4,0.539,13.9,76.4,2017-18,0.573170731707317
Denver Nuggets,46.0,36.0,112.5,111.0,1.5,96.8,0.258,0.357,0.57,0.536,13.4,25.7,0.539,12.6,77.5,2017-18,0.5609756097560976
Indiana Pacers,48.0,34.0,109.5,108.1,1.4,96.0,0.222,0.284,0.557,0.525,12.3,22.7,0.527,14.2,76.2,2017-18,0.5853658536585366
New Orleans Pelicans,48.0,34.0,109.6,108.3,1.3,100.5,0.237,0.319,0.573,0.541,13.3,20.0,0.513,12.5,76.7,2017-18,0.5853658536585366
Cleveland Cavaliers,50.0,32.0,112.9,111.9,1.0,98.0,0.275,0.379,0.584,0.547,12.6,20.1,0.54,12.2,77.3,2017-18,0.6097560975609756
Washington Wizards,43.0,39.0,109.3,108.7,0.6,96.6,0.254,0.31,0.56,0.525,13.3,23.5,0.522,13.6,77.1,2017-18,0.524390243902439
Miami Heat,44.0,38.0,106.8,106.3,0.5,95.6,0.229,0.358,0.551,0.52,13.3,21.5,0.507,13.1,79.0,2017-18,0.5365853658536586
Charlotte Hornets,36.0,46.0,109.4,109.1,0.3,98.4,0.312,0.314,0.549,0.508,11.4,22.2,0.532,12.4,80.7,2017-18,0.4390243902439024
Los Angeles Clippers,42.0,40.0,110.3,110.2,0.1,98.7,0.299,0.314,0.564,0.527,13.2,23.5,0.52,12.6,76.1,2017-18,0.5121951219512195
Detroit Pistons,39.0,43.0,107.2,107.3,-0.1,96.2,0.227,0.333,0.543,0.512,12.3,22.7,0.524,13.7,78.5,2017-18,0.4756097560975609
Milwaukee Bucks,44.0,38.0,109.8,110.1,-0.3,96.3,0.281,0.297,0.571,0.531,12.9,20.4,0.528,14.2,75.9,2017-18,0.5365853658536586
Los Angeles Lakers,35.0,47.0,106.5,108.0,-1.5,100.3,0.264,0.329,0.548,0.517,13.8,23.6,0.514,12.5,77.7,2017-18,0.4268292682926829
Dallas Mavericks,24.0,58.0,106.3,109.5,-3.2,95.6,0.217,0.382,0.544,0.513,11.5,18.0,0.532,12.8,78.9,2017-18,0.2926829268292683
New York Knicks,29.0,53.0,107.1,110.7,-3.6,96.8,0.216,0.266,0.544,0.51,13.3,24.1,0.522,12.1,76.7,2017-18,0.3536585365853658
Brooklyn Nets,28.0,54.0,106.9,110.6,-3.7,98.9,0.26,0.411,0.551,0.514,13.6,21.0,0.517,11.0,77.0,2017-18,0.3414634146341463
Orlando Magic,25.0,57.0,105.2,110.1,-4.9,98.1,0.238,0.342,0.545,0.512,13.3,20.0,0.525,12.8,75.6,2017-18,0.3048780487804878
Atlanta Hawks,24.0,58.0,105.0,110.6,-5.6,98.3,0.236,0.363,0.547,0.512,14.1,21.1,0.536,13.6,76.2,2017-18,0.2926829268292683
Memphis Grizzlies,22.0,60.0,104.5,111.0,-6.5,94.9,0.255,0.317,0.539,0.5,14.0,22.4,0.529,13.8,76.5,2017-18,0.2682926829268293
Chicago Bulls,27.0,55.0,103.8,110.9,-7.1,98.3,0.216,0.35,0.529,0.497,12.6,20.6,0.542,12.4,80.6,2017-18,0.3292682926829268
Sacramento Kings,27.0,55.0,103.7,111.1,-7.4,94.9,0.194,0.278,0.529,0.502,12.8,21.5,0.542,13.5,77.6,2017-18,0.3292682926829268
Phoenix Suns,21.0,61.0,103.5,112.9,-9.4,100.3,0.275,0.32,0.532,0.495,13.9,22.5,0.533,11.9,76.5,2017-18,0.2560975609756097
Milwaukee Bucks,60.0,22.0,113.8,105.2,8.6,103.3,0.255,0.419,0.583,0.55,12.0,20.8,0.503,11.5,80.3,2018-19,0.7317073170731707
Golden State Warriors,57.0,25.0,115.9,109.5,6.4,100.9,0.227,0.384,0.596,0.565,12.6,22.5,0.508,11.7,77.1,2018-19,0.6951219512195121
Toronto Raptors,58.0,24.0,113.1,107.1,6.0,100.2,0.247,0.379,0.579,0.543,12.4,21.9,0.509,13.1,77.1,2018-19,0.7073170731707317
Utah Jazz,50.0,32.0,110.9,105.7,5.2,100.3,0.295,0.394,0.572,0.538,13.4,22.9,0.507,12.4,80.3,2018-19,0.6097560975609756
Houston Rockets,53.0,29.0,115.5,110.7,4.8,97.9,0.279,0.519,0.581,0.542,12.0,22.8,0.525,13.4,74.4,2018-19,0.6463414634146342
Boston Celtics,49.0,33.0,112.2,107.8,4.4,99.6,0.215,0.381,0.567,0.534,11.5,21.6,0.514,13.4,77.0,2018-19,0.5975609756097561
Portland Trail Blazers,53.0,29.0,114.7,110.5,4.2,99.1,0.258,0.339,0.568,0.528,12.1,26.6,0.516,11.0,77.9,2018-19,0.6463414634146342
Denver Nuggets,54.0,28.0,113.0,108.9,4.1,97.7,0.232,0.348,0.558,0.527,11.9,26.6,0.521,12.3,78.0,2018-19,0.6585365853658537
Indiana Pacers,48.0,34.0,109.9,106.5,3.4,98.1,0.242,0.292,0.561,0.53,12.4,21.9,0.516,14.1,76.2,2018-19,0.5853658536585366
Oklahoma City Thunder,49.0,33.0,110.3,107.0,3.3,102.8,0.266,0.347,0.545,0.514,11.7,26.0,0.523,14.4,78.2,2018-19,0.5975609756097561
Philadelphia 76ers,51.0,31.0,112.6,110.0,2.6,101.6,0.312,0.342,0.574,0.532,12.9,24.5,0.512,11.1,78.6,2018-19,0.6219512195121951
San Antonio Spurs,48.0,34.0,112.9,111.2,1.7,98.3,0.237,0.286,0.572,0.534,11.0,21.0,0.528,11.0,79.4,2018-19,0.5853658536585366
Los Angeles Clippers,48.0,34.0,112.4,111.5,0.9,101.7,0.326,0.295,0.575,0.529,12.7,22.0,0.514,11.4,76.0,2018-19,0.5853658536585366
Orlando Magic,42.0,40.0,108.9,108.1,0.8,98.1,0.216,0.36,0.55,0.518,11.9,22.0,0.515,11.8,79.7,2018-19,0.5121951219512195
Brooklyn Nets,42.0,40.0,109.6,109.7,-0.1,100.8,0.284,0.403,0.556,0.52,13.0,23.8,0.512,11.6,76.4,2018-19,0.5121951219512195
Detroit Pistons,41.0,41.0,109.0,109.2,-0.2,97.4,0.262,0.394,0.544,0.509,12.3,24.8,0.526,12.8,78.7,2018-19,0.5
Miami Heat,39.0,43.0,107.3,107.6,-0.3,98.2,0.247,0.368,0.542,0.515,13.1,24.8,0.51,12.7,77.6,2018-19,0.4756097560975609
Sacramento Kings,39.0,43.0,110.4,111.5,-1.1,103.1,0.244,0.321,0.554,0.524,11.5,23.1,0.533,13.6,75.5,2018-19,0.4756097560975609
Charlotte Hornets,39.0,43.0,111.4,112.5,-1.1,98.7,0.257,0.378,0.554,0.514,10.9,21.7,0.538,12.1,77.1,2018-19,0.4756097560975609
New Orleans Pelicans,33.0,49.0,111.4,112.6,-1.2,103.3,0.254,0.324,0.563,0.529,12.6,24.1,0.532,11.6,76.8,2018-19,0.4024390243902439
Dallas Mavericks,33.0,49.0,109.4,110.7,-1.3,99.0,0.291,0.422,0.555,0.519,12.7,22.7,0.522,11.6,77.5,2018-19,0.4024390243902439
Minnesota Timberwolves,36.0,46.0,111.4,112.9,-1.5,100.2,0.267,0.315,0.552,0.511,11.4,24.6,0.538,12.9,74.9,2018-19,0.4390243902439024
Los Angeles Lakers,37.0,45.0,107.8,109.5,-1.7,103.2,0.257,0.342,0.554,0.527,13.4,22.2,0.516,12.2,76.4,2018-19,0.4512195121951219
Memphis Grizzlies,33.0,49.0,106.1,108.8,-2.7,96.6,0.272,0.342,0.548,0.508,12.9,20.0,0.521,13.9,77.6,2018-19,0.4024390243902439
Washington Wizards,32.0,50.0,111.1,113.9,-2.8,101.4,0.266,0.37,0.567,0.531,12.3,21.3,0.546,13.5,74.1,2018-19,0.3902439024390244
Atlanta Hawks,29.0,53.0,108.1,113.9,-5.8,103.9,0.255,0.403,0.555,0.522,14.3,24.7,0.541,12.8,76.4,2018-19,0.3536585365853658
Chicago Bulls,22.0,60.0,104.8,113.2,-8.4,99.0,0.235,0.295,0.541,0.505,12.7,19.4,0.541,11.9,77.3,2018-19,0.2682926829268293
New York Knicks,17.0,65.0,104.5,113.7,-9.2,99.6,0.27,0.334,0.529,0.49,12.4,22.1,0.533,11.7,76.1,2018-19,0.2073170731707317
Phoenix Suns,19.0,63.0,105.9,115.1,-9.2,100.5,0.259,0.335,0.552,0.514,13.8,20.5,0.545,13.5,72.5,2018-19,0.2317073170731707
Cleveland Cavaliers,19.0,63.0,107.7,117.6,-9.9,96.6,0.236,0.332,0.54,0.503,12.2,23.7,0.564,11.5,77.0,2018-19,0.2317073170731707
Milwaukee Bucks,56.0,17.0,112.4,102.9,9.5,105.1,0.271,0.428,0.583,0.552,12.9,20.7,0.489,12.0,81.6,2019-20,0.7671232876712328
Boston Celtics,48.0,24.0,113.3,107.0,6.3,99.5,0.259,0.386,0.57,0.531,12.2,23.9,0.509,13.5,77.4,2019-20,0.6666666666666666
Los Angeles Clippers,49.0,23.0,113.9,107.6,6.3,101.5,0.295,0.375,0.577,0.535,12.6,23.5,0.506,12.2,77.6,2019-20,0.6805555555555556
Toronto Raptors,53.0,19.0,111.1,105.0,6.1,100.9,0.264,0.421,0.574,0.536,13.1,21.3,0.502,14.6,76.7,2019-20,0.7361111111111112
Los Angeles Lakers,52.0,19.0,112.0,106.3,5.7,100.9,0.276,0.358,0.573,0.542,13.3,24.5,0.515,14.1,78.8,2019-20,0.7323943661971831
Dallas Mavericks,43.0,32.0,116.7,111.7,5.0,99.3,0.264,0.457,0.581,0.545,11.2,23.2,0.525,10.6,77.7,2019-20,0.5733333333333334
Miami Heat,44.0,29.0,112.5,109.5,3.0,98.3,0.299,0.419,0.587,0.547,13.5,20.3,0.523,12.6,79.5,2019-20,0.6027397260273972
Houston Rockets,44.0,28.0,112.9,110.1,2.8,103.7,0.288,0.501,0.578,0.537,12.6,21.0,0.529,13.7,75.6,2019-20,0.6111111111111112
Utah Jazz,44.0,28.0,112.3,109.9,2.4,98.6,0.268,0.414,0.585,0.549,13.7,21.6,0.518,11.1,78.9,2019-20,0.6111111111111112
Philadelphia 76ers,43.0,30.0,111.3,109.0,2.3,99.0,0.255,0.36,0.566,0.534,12.7,23.9,0.523,12.5,80.3,2019-20,0.589041095890411
Denver Nuggets,46.0,27.0,113.1,111.0,2.1,97.1,0.235,0.344,0.567,0.535,12.3,24.8,0.533,12.9,76.8,2019-20,0.6301369863013698
Indiana Pacers,45.0,28.0,110.0,108.0,2.0,98.9,0.216,0.317,0.565,0.534,12.0,20.0,0.511,13.0,76.7,2019-20,0.6164383561643836
Oklahoma City Thunder,44.0,28.0,110.8,108.8,2.0,98.8,0.29,0.353,0.573,0.53,12.4,19.3,0.518,12.6,76.8,2019-20,0.6111111111111112
Phoenix Suns,34.0,39.0,111.7,111.4,0.3,101.3,0.271,0.361,0.576,0.532,13.0,22.2,0.539,13.7,78.8,2019-20,0.4657534246575342
Brooklyn Nets,35.0,37.0,108.9,109.5,-0.6,101.4,0.267,0.423,0.554,0.52,13.1,23.2,0.511,11.0,77.8,2019-20,0.4861111111111111
Orlando Magic,33.0,40.0,108.5,109.5,-1.0,98.6,0.256,0.364,0.544,0.506,11.5,22.3,0.535,13.2,79.1,2019-20,0.4520547945205479
San Antonio Spurs,32.0,39.0,112.4,113.5,-1.1,100.5,0.262,0.318,0.572,0.531,11.2,20.1,0.542,11.7,79.2,2019-20,0.4507042253521127
Memphis Grizzlies,34.0,39.0,109.2,110.3,-1.1,102.8,0.24,0.346,0.561,0.528,13.2,23.0,0.521,12.7,77.8,2019-20,0.4657534246575342
Portland Trail Blazers,35.0,39.0,113.7,114.8,-1.1,100.7,0.242,0.374,0.57,0.533,11.2,22.4,0.53,11.2,75.3,2019-20,0.4729729729729729
New Orleans Pelicans,30.0,42.0,110.7,111.9,-1.2,103.7,0.256,0.403,0.568,0.539,13.9,24.2,0.532,12.4,77.8,2019-20,0.4166666666666667
Sacramento Kings,31.0,41.0,110.2,112.2,-2.0,98.9,0.23,0.395,0.566,0.534,13.0,21.9,0.543,13.6,78.4,2019-20,0.4305555555555556
Chicago Bulls,22.0,43.0,106.7,109.8,-3.1,99.7,0.231,0.396,0.547,0.515,13.7,22.8,0.546,16.3,75.6,2019-20,0.3384615384615385
Detroit Pistons,20.0,46.0,109.0,112.7,-3.7,97.6,0.261,0.381,0.561,0.529,13.8,22.6,0.541,12.7,75.9,2019-20,0.303030303030303
Minnesota Timberwolves,19.0,45.0,108.1,112.2,-4.1,103.4,0.277,0.433,0.551,0.514,13.0,22.1,0.541,13.2,77.2,2019-20,0.296875
Washington Wizards,25.0,47.0,110.9,115.5,-4.6,102.7,0.27,0.358,0.562,0.523,12.2,22.2,0.558,13.9,75.3,2019-20,0.3472222222222222
New York Knicks,21.0,45.0,106.5,113.0,-6.5,98.6,0.263,0.318,0.531,0.501,12.6,25.8,0.541,12.4,78.3,2019-20,0.3181818181818182
Charlotte Hornets,23.0,42.0,106.3,113.3,-7.0,95.8,0.252,0.399,0.539,0.504,13.3,23.9,0.546,13.1,74.4,2019-20,0.3538461538461538
Atlanta Hawks,20.0,47.0,107.2,114.8,-7.6,103.0,0.258,0.398,0.554,0.515,13.8,21.6,0.543,12.7,74.9,2019-20,0.2985074626865671
Cleveland Cavaliers,19.0,46.0,107.5,115.4,-7.9,98.7,0.227,0.362,0.553,0.522,14.6,24.6,0.56,11.7,77.4,2019-20,0.2923076923076923
Golden State Warriors,15.0,50.0,105.2,113.8,-8.6,100.3,0.264,0.355,0.54,0.497,13.2,21.5,0.553,13.7,76.4,2019-20,0.2307692307692307
Utah Jazz,52.0,20.0,117.6,108.3,9.3,98.5,0.244,0.488,0.597,0.563,12.7,24.5,0.507,10.3,79.3,2020-21,0.7222222222222222
Los Angeles Clippers,47.0,25.0,117.6,111.2,6.4,96.9,0.222,0.4,0.599,0.564,12.2,22.7,0.531,11.9,79.1,2020-21,0.6527777777777778
Phoenix Suns,51.0,21.0,117.2,111.3,5.9,97.2,0.212,0.392,0.597,0.564,11.5,20.8,0.534,12.4,78.5,2020-21,0.7083333333333334
Milwaukee Bucks,46.0,26.0,117.2,111.4,5.8,102.2,0.233,0.404,0.593,0.566,12.0,23.3,0.536,11.5,79.7,2020-21,0.6388888888888888
Philadelphia 76ers,49.0,23.0,113.2,107.6,5.6,99.5,0.293,0.347,0.579,0.541,12.8,23.2,0.521,13.8,78.2,2020-21,0.6805555555555556
Denver Nuggets,47.0,25.0,117.1,112.1,5.0,97.1,0.219,0.383,0.588,0.557,12.1,24.7,0.545,12.9,78.9,2020-21,0.6527777777777778
Brooklyn Nets,48.0,24.0,118.3,113.8,4.5,99.5,0.258,0.413,0.61,0.575,12.2,21.4,0.531,11.1,77.3,2020-21,0.6666666666666666
Los Angeles Lakers,42.0,30.0,109.9,107.1,2.8,98.7,0.271,0.363,0.569,0.536,13.6,22.5,0.526,13.7,79.7,2020-21,0.5833333333333334
Dallas Mavericks,42.0,30.0,115.4,113.0,2.4,97.3,0.242,0.436,0.582,0.55,11.1,21.1,0.534,11.5,77.8,2020-21,0.5833333333333334
New York Knicks,41.0,31.0,110.6,108.2,2.4,95.9,0.242,0.347,0.559,0.524,11.9,21.9,0.509,11.7,78.6,2020-21,0.5694444444444444
Atlanta Hawks,41.0,31.0,115.7,113.3,2.4,97.6,0.278,0.382,0.581,0.539,11.9,24.4,0.53,11.1,77.8,2020-21,0.5694444444444444
Portland Trail Blazers,42.0,30.0,117.8,116.0,1.8,98.4,0.238,0.448,0.577,0.54,9.9,23.0,0.546,11.2,77.5,2020-21,0.5833333333333334
Boston Celtics,36.0,36.0,114.0,112.5,1.5,98.3,0.234,0.409,0.574,0.543,12.5,24.3,0.539,12.8,78.1,2020-21,0.5
Golden State Warriors,39.0,33.0,111.1,110.1,1.0,102.2,0.239,0.439,0.583,0.551,13.3,17.9,0.522,13.1,76.6,2020-21,0.5416666666666666
Memphis Grizzlies,38.0,34.0,112.0,111.0,1.0,100.4,0.232,0.342,0.56,0.528,11.6,24.2,0.535,13.1,78.3,2020-21,0.5277777777777778
Miami Heat,40.0,32.0,111.2,111.2,0.0,96.6,0.252,0.432,0.581,0.546,13.1,19.4,0.542,13.8,77.9,2020-21,0.5555555555555556
Indiana Pacers,34.0,38.0,112.4,112.4,0.0,101.6,0.227,0.372,0.575,0.542,11.9,20.2,0.531,12.7,74.9,2020-21,0.4722222222222222
New Orleans Pelicans,31.0,41.0,113.5,113.8,-0.3,100.1,0.293,0.342,0.57,0.537,12.7,26.3,0.55,11.9,80.0,2020-21,0.4305555555555556
Toronto Raptors,27.0,45.0,112.0,112.5,-0.5,99.2,0.241,0.444,0.567,0.529,11.9,20.8,0.543,14.4,76.3,2020-21,0.375
Chicago Bulls,31.0,41.0,111.1,112.0,-0.9,99.0,0.197,0.383,0.575,0.547,13.6,22.3,0.538,11.6,80.3,2020-21,0.4305555555555556
San Antonio Spurs,33.0,39.0,111.0,112.8,-1.8,98.9,0.243,0.314,0.554,0.517,10.2,20.0,0.541,11.8,77.3,2020-21,0.4583333333333333
Washington Wizards,34.0,38.0,111.2,113.0,-1.8,104.1,0.288,0.319,0.569,0.531,12.3,21.3,0.539,12.5,77.6,2020-21,0.4722222222222222
Charlotte Hornets,33.0,39.0,110.9,112.8,-1.9,98.3,0.238,0.422,0.564,0.532,13.3,23.5,0.55,13.2,75.7,2020-21,0.4583333333333333
Sacramento Kings,31.0,41.0,113.6,117.2,-3.6,100.0,0.248,0.376,0.578,0.549,12.0,21.3,0.557,12.1,75.0,2020-21,0.4305555555555556
Detroit Pistons,20.0,52.0,108.0,112.5,-4.5,97.9,0.273,0.385,0.556,0.519,13.5,21.9,0.541,12.6,76.9,2020-21,0.2777777777777778
Minnesota Timberwolves,23.0,49.0,109.5,115.0,-5.5,101.6,0.254,0.413,0.555,0.52,12.4,22.7,0.556,13.3,76.8,2020-21,0.3194444444444444
Houston Rockets,17.0,55.0,107.1,114.9,-7.8,101.4,0.252,0.459,0.553,0.521,13.0,19.8,0.555,12.9,77.1,2020-21,0.2361111111111111
Cleveland Cavaliers,22.0,50.0,105.8,114.4,-8.6,97.3,0.261,0.347,0.543,0.508,13.9,23.6,0.556,13.0,76.6,2020-21,0.3055555555555556
Orlando Magic,21.0,51.0,105.1,114.5,-9.4,98.7,0.24,0.356,0.527,0.49,11.5,21.6,0.547,11.5,78.2,2020-21,0.2916666666666667
Oklahoma City Thunder,22.0,50.0,103.5,114.0,-10.5,101.0,0.242,0.399,0.539,0.509,14.2,21.2,0.547,11.5,77.9,2020-21,0.3055555555555556
Boston Celtics,51.0,31.0,114.4,106.9,7.5,96.6,0.239,0.425,0.578,0.542,12.4,24.0,0.502,12.5,77.3,2021-22,0.6219512195121951
Phoenix Suns,64.0,18.0,114.8,107.3,7.5,99.8,0.221,0.354,0.581,0.549,11.6,22.3,0.51,13.0,77.1,2021-22,0.7804878048780488
Utah Jazz,49.0,33.0,116.7,110.5,6.2,97.1,0.271,0.468,0.589,0.555,12.7,25.4,0.521,10.9,78.3,2021-22,0.5975609756097561
Memphis Grizzlies,56.0,26.0,114.6,109.0,5.6,100.3,0.245,0.346,0.553,0.522,11.2,30.0,0.523,13.3,77.8,2021-22,0.6829268292682927
Golden State Warriors,53.0,29.0,112.5,106.9,5.6,98.4,0.235,0.456,0.582,0.552,13.5,22.8,0.509,13.0,78.7,2021-22,0.6463414634146342
Miami Heat,53.0,29.0,113.7,109.1,4.6,95.9,0.252,0.422,0.584,0.547,13.4,23.5,0.524,13.8,78.0,2021-22,0.6463414634146342
Dallas Mavericks,52.0,30.0,112.8,109.4,3.4,95.4,0.249,0.439,0.572,0.538,11.7,21.3,0.521,12.2,78.0,2021-22,0.6341463414634146
Milwaukee Bucks,51.0,31.0,115.1,111.8,3.3,99.9,0.257,0.43,0.58,0.546,11.9,23.0,0.536,11.6,78.6,2021-22,0.6219512195121951
Philadelphia 76ers,51.0,31.0,113.5,110.8,2.7,96.2,0.282,0.376,0.578,0.534,11.6,20.1,0.524,12.1,76.8,2021-22,0.6219512195121951
Minnesota Timberwolves,46.0,36.0,114.3,111.7,2.6,100.9,0.254,0.454,0.573,0.539,12.4,24.4,0.535,14.2,74.9,2021-22,0.5609756097560976
Denver Nuggets,48.0,34.0,114.5,112.1,2.4,97.8,0.244,0.416,0.59,0.556,13.2,21.9,0.537,11.7,78.3,2021-22,0.5853658536585366
Toronto Raptors,48.0,34.0,112.9,110.5,2.4,96.0,0.234,0.375,0.543,0.51,11.0,28.4,0.535,14.4,75.6,2021-22,0.5853658536585366
Cleveland Cavaliers,44.0,38.0,111.9,109.7,2.2,96.1,0.261,0.387,0.571,0.538,13.2,24.0,0.52,12.3,76.5,2021-22,0.5365853658536586
Atlanta Hawks,43.0,39.0,116.5,114.9,1.6,97.7,0.253,0.39,0.581,0.543,10.8,23.0,0.543,11.5,76.9,2021-22,0.524390243902439
Brooklyn Nets,44.0,38.0,113.6,112.8,0.8,99.0,0.246,0.359,0.576,0.54,12.5,23.9,0.521,11.7,75.1,2021-22,0.5365853658536586
Charlotte Hornets,43.0,39.0,114.1,113.7,0.4,100.0,0.234,0.418,0.572,0.544,11.6,23.3,0.544,13.1,74.8,2021-22,0.524390243902439
San Antonio Spurs,34.0,48.0,112.4,112.3,0.1,100.0,0.22,0.345,0.556,0.527,11.1,23.7,0.532,12.1,75.1,2021-22,0.4146341463414634
Los Angeles Clippers,42.0,40.0,110.1,110.1,0.0,98.0,0.224,0.391,0.564,0.531,12.5,20.6,0.514,12.0,74.4,2021-22,0.5121951219512195
New York Knicks,37.0,45.0,110.4,110.5,-0.1,95.9,0.28,0.428,0.55,0.513,12.0,25.1,0.521,11.7,78.8,2021-22,0.4512195121951219
Chicago Bulls,46.0,36.0,113.2,113.6,-0.4,98.3,0.248,0.332,0.579,0.541,11.8,20.4,0.541,11.9,78.3,2021-22,0.5609756097560976
New Orleans Pelicans,36.0,46.0,112.0,113.0,-1.0,97.2,0.264,0.365,0.557,0.517,12.5,26.9,0.547,13.0,78.2,2021-22,0.4390243902439024
Los Angeles Lakers,33.0,49.0,110.3,113.3,-3.0,100.1,0.259,0.388,0.567,0.537,12.8,21.1,0.54,12.2,75.8,2021-22,0.4024390243902439
Washington Wizards,35.0,47.0,111.1,114.5,-3.4,97.0,0.252,0.356,0.568,0.532,12.1,20.9,0.529,10.7,76.9,2021-22,0.4268292682926829
Indiana Pacers,25.0,57.0,112.6,116.1,-3.5,98.0,0.239,0.395,0.564,0.531,12.7,25.5,0.552,11.9,76.2,2021-22,0.3048780487804878
Sacramento Kings,30.0,52.0,109.9,115.3,-5.4,99.8,0.264,0.377,0.561,0.525,12.5,21.3,0.551,11.9,76.0,2021-22,0.3658536585365853
Detroit Pistons,23.0,59.0,106.0,113.8,-7.8,98.4,0.249,0.391,0.533,0.494,12.6,23.4,0.541,13.1,75.6,2021-22,0.2804878048780488
Orlando Magic,22.0,60.0,104.5,112.5,-8.0,99.2,0.223,0.417,0.538,0.503,13.0,19.8,0.532,11.7,77.2,2021-22,0.2682926829268293
Oklahoma City Thunder,24.0,58.0,104.6,112.8,-8.2,98.6,0.223,0.419,0.53,0.497,12.5,21.8,0.533,11.8,76.1,2021-22,0.2926829268292683
Houston Rockets,20.0,62.0,108.4,116.7,-8.3,100.9,0.284,0.448,0.565,0.534,14.5,21.7,0.554,12.3,74.4,2021-22,0.2439024390243902
Portland Trail Blazers,27.0,55.0,107.8,116.9,-9.1,98.3,0.248,0.422,0.55,0.515,13.0,22.9,0.559,12.7,76.9,2021-22,0.3292682926829268
Boston Celtics,57.0,25.0,118.0,111.5,6.5,98.5,0.243,0.48,0.6,0.566,12.0,22.1,0.528,11.3,78.5,2022-23,0.6951219512195121
Cleveland Cavaliers,51.0,31.0,116.1,110.6,5.5,95.7,0.264,0.371,0.59,0.556,12.3,23.6,0.535,14.4,76.3,2022-23,0.6219512195121951
Philadelphia 76ers,54.0,28.0,117.7,113.3,4.4,96.9,0.3,0.389,0.608,0.563,12.6,21.6,0.541,13.0,77.2,2022-23,0.6585365853658537
Memphis Grizzlies,51.0,31.0,115.1,111.2,3.9,101.1,0.259,0.372,0.57,0.54,11.7,26.5,0.526,13.1,75.9,2022-23,0.6219512195121951
Milwaukee Bucks,58.0,24.0,115.4,111.9,3.5,100.5,0.248,0.446,0.583,0.555,12.7,25.0,0.52,10.4,77.8,2022-23,0.7073170731707317
Denver Nuggets,53.0,29.0,117.6,114.2,3.4,98.1,0.259,0.361,0.601,0.573,13.1,24.8,0.543,12.2,76.4,2022-23,0.6463414634146342
New York Knicks,47.0,35.0,117.8,114.8,3.0,97.1,0.285,0.4,0.577,0.541,11.4,28.3,0.536,11.4,77.1,2022-23,0.573170731707317
Sacramento Kings,48.0,34.0,119.4,116.8,2.6,100.3,0.284,0.423,0.608,0.572,12.0,22.7,0.563,12.6,77.2,2022-23,0.5853658536585366
Phoenix Suns,45.0,37.0,115.1,113.0,2.1,98.2,0.241,0.362,0.57,0.535,12.0,26.6,0.532,12.9,76.0,2022-23,0.5487804878048781
New Orleans Pelicans,42.0,40.0,114.4,112.5,1.9,99.1,0.279,0.344,0.582,0.543,12.9,24.7,0.543,13.4,77.4,2022-23,0.5121951219512195
Golden State Warriors,44.0,38.0,116.1,114.4,1.7,101.6,0.224,0.479,0.6,0.571,14.1,24.4,0.54,12.3,76.0,2022-23,0.5365853658536586
Toronto Raptors,41.0,41.0,115.5,114.0,1.5,97.1,0.257,0.351,0.555,0.517,10.3,27.8,0.565,15.3,76.7,2022-23,0.5
Chicago Bulls,40.0,42.0,113.5,112.2,1.3,98.5,0.251,0.333,0.587,0.55,12.2,20.1,0.544,13.5,77.8,2022-23,0.4878048780487805
Oklahoma City Thunder,40.0,42.0,115.2,114.2,1.0,101.1,0.256,0.369,0.57,0.531,11.2,24.7,0.547,14.4,72.9,2022-23,0.4878048780487805
Brooklyn Nets,45.0,37.0,115.0,114.1,0.9,98.3,0.26,0.397,0.598,0.562,12.7,19.6,0.53,12.2,73.7,2022-23,0.5487804878048781
Los Angeles Lakers,43.0,39.0,114.5,113.9,0.6,101.3,0.299,0.351,0.582,0.542,12.3,22.8,0.535,10.9,76.3,2022-23,0.524390243902439
Los Angeles Clippers,44.0,38.0,115.0,114.5,0.5,98.0,0.278,0.387,0.588,0.551,12.8,22.9,0.543,11.7,76.6,2022-23,0.5365853658536586
Atlanta Hawks,41.0,41.0,116.6,116.3,0.3,100.7,0.244,0.331,0.579,0.541,11.2,25.1,0.552,12.4,75.8,2022-23,0.5
Dallas Mavericks,38.0,44.0,116.8,116.7,0.1,96.6,0.298,0.487,0.599,0.565,11.4,18.0,0.549,11.9,75.5,2022-23,0.4634146341463415
Minnesota Timberwolves,42.0,40.0,113.7,113.8,-0.1,101.0,0.271,0.381,0.592,0.56,13.6,21.5,0.54,13.3,74.3,2022-23,0.5121951219512195
Miami Heat,44.0,38.0,113.0,113.3,-0.3,96.3,0.27,0.408,0.574,0.53,12.4,22.8,0.561,14.5,77.7,2022-23,0.5365853658536586
Utah Jazz,37.0,45.0,115.8,116.7,-0.9,100.5,0.265,0.421,0.584,0.547,13.3,26.8,0.541,10.9,75.2,2022-23,0.4512195121951219
Washington Wizards,35.0,47.0,114.4,115.6,-1.2,98.6,0.258,0.365,0.585,0.55,12.7,22.6,0.54,11.0,76.1,2022-23,0.4268292682926829
Orlando Magic,34.0,48.0,111.6,114.2,-2.6,99.3,0.29,0.361,0.573,0.532,13.4,23.8,0.55,13.1,77.7,2022-23,0.4146341463414634
Indiana Pacers,35.0,47.0,114.6,117.7,-3.1,101.1,0.265,0.413,0.581,0.545,13.0,23.4,0.554,13.0,72.2,2022-23,0.4268292682926829
Portland Trail Blazers,33.0,49.0,114.8,118.8,-4.0,98.6,0.289,0.413,0.589,0.549,13.1,22.4,0.563,12.1,74.9,2022-23,0.4024390243902439
Charlotte Hornets,27.0,55.0,109.2,115.3,-6.1,100.8,0.261,0.36,0.55,0.516,12.3,23.8,0.544,12.5,75.5,2022-23,0.3292682926829268
Houston Rockets,22.0,60.0,111.4,119.3,-7.9,99.0,0.285,0.359,0.554,0.516,14.0,30.2,0.564,11.8,75.8,2022-23,0.2682926829268293
Detroit Pistons,17.0,65.0,110.7,118.9,-8.2,99.0,0.295,0.372,0.561,0.52,13.3,24.9,0.557,11.9,74.0,2022-23,0.2073170731707317
San Antonio Spurs,22.0,60.0,110.2,120.0,-9.8,101.6,0.229,0.348,0.554,0.525,13.0,25.6,0.576,12.0,74.9,2022-23,0.2682926829268293
Boston Celtics,64.0,18.0,123.2,111.6,11.6,97.2,0.224,0.471,0.609,0.578,10.8,24.9,0.523,10.8,76.3,2023-24,0.7804878048780488
Oklahoma City Thunder,57.0,25.0,119.5,112.1,7.4,99.8,0.24,0.383,0.608,0.573,11.4,21.1,0.53,13.6,73.8,2023-24,0.6951219512195121
Minnesota Timberwolves,56.0,26.0,115.6,109.0,6.6,97.1,0.27,0.384,0.594,0.559,13.0,23.2,0.515,12.9,76.9,2023-24,0.6829268292682927
Denver Nuggets,57.0,25.0,118.5,113.0,5.5,96.8,0.224,0.352,0.589,0.562,11.5,25.5,0.526,11.2,75.6,2023-24,0.6951219512195121
New York Knicks,50.0,32.0,118.2,113.4,4.8,95.2,0.246,0.404,0.574,0.54,11.9,29.4,0.543,12.3,76.1,2023-24,0.6097560975609756
New Orleans Pelicans,49.0,33.0,117.4,112.9,4.5,97.9,0.261,0.373,0.591,0.558,11.8,24.4,0.541,12.9,76.9,2023-24,0.5975609756097561
Los Angeles Clippers,51.0,31.0,118.8,115.4,3.4,97.2,0.256,0.383,0.599,0.561,12.0,24.4,0.541,11.7,74.8,2023-24,0.6219512195121951
Philadelphia 76ers,47.0,35.0,116.9,113.8,3.1,97.5,0.264,0.373,0.574,0.532,10.7,24.8,0.537,13.1,74.3,2023-24,0.573170731707317
Phoenix Suns,49.0,33.0,117.6,114.6,3.0,98.3,0.271,0.378,0.603,0.565,13.4,25.0,0.536,11.3,75.6,2023-24,0.5975609756097561
Indiana Pacers,47.0,35.0,121.0,118.0,3.0,101.7,0.222,0.38,0.606,0.578,11.3,23.8,0.556,12.1,74.1,2023-24,0.573170731707317
Golden State Warriors,46.0,36.0,117.8,115.2,2.6,99.2,0.219,0.425,0.586,0.557,12.5,27.5,0.539,11.5,76.1,2023-24,0.5609756097560976
Milwaukee Bucks,49.0,33.0,118.4,115.8,2.6,99.9,0.27,0.43,0.601,0.568,11.5,21.8,0.539,10.6,77.2,2023-24,0.5975609756097561
Cleveland Cavaliers,48.0,34.0,115.2,112.7,2.5,97.2,0.234,0.422,0.586,0.557,12.4,23.2,0.535,12.3,76.9,2023-24,0.5853658536585366
Dallas Mavericks,50.0,32.0,117.6,115.4,2.2,100.1,0.251,0.441,0.592,0.562,11.2,22.2,0.548,12.1,75.2,2023-24,0.6097560975609756
Orlando Magic,47.0,35.0,113.4,111.3,2.1,96.9,0.287,0.369,0.577,0.541,13.3,25.3,0.543,13.8,78.1,2023-24,0.573170731707317
Miami Heat,46.0,36.0,114.0,112.2,1.8,96.2,0.257,0.394,0.578,0.538,11.7,21.8,0.543,12.7,78.1,2023-24,0.5609756097560976
Sacramento Kings,46.0,36.0,116.9,115.2,1.7,98.8,0.229,0.432,0.582,0.556,11.6,24.5,0.555,12.5,78.4,2023-24,0.5609756097560976
Houston Rockets,41.0,41.0,114.5,113.4,1.1,99.0,0.257,0.397,0.565,0.529,11.2,25.1,0.533,12.2,76.0,2023-24,0.5
Los Angeles Lakers,47.0,35.0,115.9,115.3,0.6,100.9,0.276,0.358,0.601,0.566,12.5,19.9,0.55,11.7,76.2,2023-24,0.573170731707317
Chicago Bulls,39.0,43.0,114.9,116.3,-1.4,96.3,0.236,0.358,0.568,0.534,11.0,25.1,0.556,12.7,76.4,2023-24,0.4756097560975609
Atlanta Hawks,36.0,46.0,117.2,119.4,-2.2,100.1,0.251,0.408,0.576,0.539,11.6,27.1,0.572,12.4,75.2,2023-24,0.4390243902439024
Brooklyn Nets,32.0,50.0,113.2,116.1,-2.9,96.9,0.234,0.412,0.561,0.531,11.8,25.2,0.543,11.4,76.0,2023-24,0.3902439024390244
Utah Jazz,31.0,51.0,115.5,120.4,-4.9,99.5,0.251,0.406,0.579,0.539,13.6,28.1,0.567,10.9,75.2,2023-24,0.3780487804878049
San Antonio Spurs,22.0,60.0,110.0,116.4,-6.4,101.1,0.22,0.401,0.563,0.532,13.2,22.9,0.555,11.7,76.4,2023-24,0.2682926829268293
Toronto Raptors,25.0,57.0,112.3,118.8,-6.5,99.4,0.241,0.369,0.566,0.535,12.4,24.2,0.566,12.2,73.9,2023-24,0.3048780487804878
Memphis Grizzlies,27.0,55.0,107.2,114.3,-7.1,98.2,0.238,0.428,0.543,0.509,13.4,23.8,0.551,13.5,74.8,2023-24,0.3292682926829268
Detroit Pistons,14.0,68.0,109.7,118.8,-9.1,99.8,0.246,0.36,0.562,0.526,13.5,23.9,0.558,11.1,77.3,2023-24,0.1707317073170731
Washington Wizards,15.0,67.0,110.5,119.6,-9.1,102.7,0.221,0.389,0.567,0.538,12.2,20.0,0.562,12.0,72.5,2023-24,0.1829268292682926
Portland Trail Blazers,21.0,61.0,108.3,117.5,-9.2,97.2,0.228,0.37,0.539,0.503,13.4,27.5,0.558,12.8,74.0,2023-24,0.2560975609756097
Charlotte Hornets,21.0,61.0,109.3,119.8,-10.5,97.3,0.212,0.391,0.56,0.529,12.6,21.1,0.572,12.3,74.5,2023-24,0.2560975609756097
Oklahoma City Thunder,68.0,14.0,120.3,107.5,12.8,100.0,0.22,0.419,0.593,0.56,10.3,24.2,0.513,14.9,74.6,2024-25,0.8292682926829268
Boston Celtics,61.0,21.0,120.6,111.1,9.5,95.7,0.212,0.536,0.591,0.561,10.8,25.7,0.522,11.6,76.0,2024-25,0.7439024390243902
Cleveland Cavaliers,64.0,18.0,121.7,112.2,9.5,99.8,0.241,0.457,0.607,0.578,11.6,25.9,0.528,12.6,74.8,2024-25,0.7804878048780488
Minnesota Timberwolves,49.0,33.0,116.6,111.5,5.1,97.3,0.249,0.455,0.588,0.554,13.0,25.8,0.532,13.2,75.1,2024-25,0.5975609756097561
Los Angeles Clippers,50.0,32.0,115.1,110.3,4.8,97.5,0.251,0.387,0.589,0.554,13.4,24.4,0.536,13.7,77.5,2024-25,0.6097560975609756
Memphis Grizzlies,48.0,34.0,117.7,113.0,4.7,103.3,0.249,0.406,0.588,0.554,13.1,28.7,0.533,12.9,74.9,2024-25,0.5853658536585366
Houston Rockets,52.0,30.0,115.3,110.8,4.5,98.6,0.242,0.384,0.553,0.523,11.8,31.7,0.528,12.8,76.2,2024-25,0.6341463414634146
New York Knicks,51.0,31.0,118.5,114.3,4.2,96.7,0.232,0.382,0.589,0.556,11.9,26.0,0.549,13.1,74.5,2024-25,0.6219512195121951
Denver Nuggets,50.0,32.0,119.9,116.0,3.9,99.8,0.259,0.356,0.604,0.573,12.5,26.7,0.542,11.3,74.6,2024-25,0.6097560975609756
Golden State Warriors,48.0,34.0,115.0,111.7,3.3,98.7,0.244,0.469,0.568,0.536,12.3,27.3,0.541,14.1,75.6,2024-25,0.5853658536585366
Milwaukee Bucks,48.0,34.0,115.9,113.4,2.5,99.3,0.268,0.424,0.598,0.568,12.2,19.3,0.533,11.4,76.2,2024-25,0.5853658536585366
Indiana Pacers,50.0,32.0,116.5,114.3,2.2,99.9,0.241,0.4,0.594,0.562,11.8,21.3,0.546,13.1,74.5,2024-25,0.6097560975609756
Detroit Pistons,44.0,38.0,115.0,113.1,1.9,99.8,0.248,0.394,0.58,0.547,13.0,26.2,0.539,13.3,76.0,2024-25,0.5365853658536586
Los Angeles Lakers,50.0,32.0,115.9,114.7,1.2,97.6,0.271,0.425,0.593,0.557,12.7,23.3,0.539,12.2,74.5,2024-25,0.6097560975609756
Miami Heat,37.0,45.0,113.5,112.9,0.6,96.2,0.232,0.429,0.576,0.544,12.4,22.3,0.543,12.5,75.8,2024-25,0.4512195121951219
Sacramento Kings,40.0,42.0,116.7,116.2,0.5,98.2,0.235,0.391,0.582,0.548,11.8,25.4,0.557,12.5,76.9,2024-25,0.4878048780487805
Orlando Magic,41.0,41.0,109.4,109.6,-0.2,96.1,0.269,0.411,0.55,0.51,12.9,25.3,0.538,15.0,77.0,2024-25,0.5
Atlanta Hawks,40.0,42.0,114.6,115.7,-1.1,102.6,0.252,0.41,0.579,0.546,13.2,26.3,0.56,13.8,76.0,2024-25,0.4878048780487805
Dallas Mavericks,39.0,43.0,114.8,116.0,-1.2,99.2,0.263,0.389,0.583,0.549,12.5,23.3,0.54,11.6,73.1,2024-25,0.4756097560975609
Chicago Bulls,39.0,43.0,114.1,115.6,-1.5,102.8,0.214,0.457,0.585,0.553,12.7,22.3,0.539,10.8,76.6,2024-25,0.4756097560975609
San Antonio Spurs,34.0,48.0,114.4,117.2,-2.8,99.3,0.234,0.441,0.575,0.544,12.3,24.3,0.551,12.0,73.0,2024-25,0.4146341463414634
Portland Trail Blazers,36.0,46.0,111.7,114.7,-3.0,98.8,0.246,0.418,0.555,0.521,13.8,29.2,0.543,13.6,72.5,2024-25,0.4390243902439024
Phoenix Suns,36.0,46.0,116.2,119.3,-3.1,97.1,0.241,0.44,0.595,0.561,12.8,22.6,0.552,10.9,74.1,2024-25,0.4390243902439024
Toronto Raptors,30.0,52.0,110.5,114.8,-4.3,99.7,0.232,0.373,0.553,0.522,13.3,27.3,0.541,13.2,73.9,2024-25,0.3658536585365853
Philadelphia 76ers,24.0,58.0,111.9,118.2,-6.3,97.4,0.257,0.426,0.563,0.527,12.3,23.4,0.57,14.3,71.8,2024-25,0.2926829268292683
Brooklyn Nets,26.0,56.0,108.5,115.8,-7.3,96.4,0.24,0.458,0.552,0.516,13.7,24.5,0.557,13.7,75.0,2024-25,0.3170731707317073
Utah Jazz,17.0,65.0,111.2,120.4,-9.2,100.0,0.252,0.449,0.568,0.533,14.9,26.9,0.559,10.3,74.1,2024-25,0.2073170731707317
Charlotte Hornets,19.0,63.0,107.3,116.6,-9.3,97.6,0.222,0.43,0.537,0.503,13.7,26.5,0.547,11.9,74.5,2024-25,0.2317073170731707
New Orleans Pelicans,21.0,61.0,110.4,119.9,-9.5,99.1,0.244,0.385,0.552,0.519,12.8,26.3,0.564,12.3,72.7,2024-25,0.2560975609756097
Washington Wizards,18.0,64.0,106.8,119.1,-12.3,100.9,0.229,0.435,0.546,0.512,13.6,22.7,0.548,11.4,71.9,2024-25,0.2195121951219512
Oklahoma City Thunder,64.0,18.0,118.9,107.7,11.2,99.3,0.261,0.426,0.599,0.561,11.2,22.3,0.519,14.6,74.4,2025-26,0.7804878048780488
San Antonio Spurs,62.0,20.0,119.6,111.3,8.3,99.9,0.274,0.422,0.595,0.559,11.8,26.2,0.522,11.5,77.3,2025-26,0.7560975609756098
Detroit Pistons,60.0,22.0,117.9,109.7,8.2,99.3,0.292,0.345,0.583,0.546,13.0,30.9,0.517,14.8,74.2,2025-26,0.7317073170731707
Boston Celtics,56.0,26.0,120.8,112.7,8.1,94.8,0.207,0.467,0.583,0.553,11.2,29.2,0.523,11.4,75.7,2025-26,0.6829268292682927
New York Knicks,53.0,29.0,119.8,113.3,6.5,96.8,0.238,0.428,0.59,0.557,12.1,29.3,0.541,13.1,76.7,2025-26,0.6463414634146342
Houston Rockets,52.0,30.0,118.6,113.2,5.4,96.1,0.26,0.35,0.576,0.542,13.3,34.8,0.53,12.1,74.5,2025-26,0.6341463414634146
Denver Nuggets,54.0,28.0,122.6,117.4,5.2,98.4,0.294,0.408,0.616,0.577,11.5,23.6,0.543,10.4,75.3,2025-26,0.6585365853658537
Charlotte Hornets,44.0,38.0,119.4,114.4,5.0,96.8,0.244,0.487,0.589,0.552,13.5,30.5,0.54,11.6,76.6,2025-26,0.5365853658536586
Cleveland Cavaliers,52.0,30.0,119.2,115.1,4.1,99.9,0.265,0.442,0.595,0.561,12.2,26.9,0.543,13.1,74.4,2025-26,0.6341463414634146
Minnesota Timberwolves,49.0,33.0,116.8,113.5,3.3,100.5,0.285,0.42,0.592,0.559,12.9,25.7,0.529,13.0,73.7,2025-26,0.5975609756097561
Toronto Raptors,46.0,36.0,115.9,113.0,2.9,98.4,0.265,0.363,0.581,0.546,12.2,25.5,0.54,14.3,74.0,2025-26,0.5609756097560976
Atlanta Hawks,46.0,36.0,116.1,113.7,2.4,101.7,0.234,0.429,0.584,0.554,12.3,24.4,0.546,13.9,74.5,2025-26,0.5609756097560976
Miami Heat,43.0,39.0,116.7,114.5,2.2,103.4,0.268,0.406,0.58,0.542,11.6,25.4,0.54,12.8,74.9,2025-26,0.524390243902439
Los Angeles Lakers,53.0,29.0,118.2,116.4,1.8,98.3,0.32,0.394,0.609,0.573,13.2,23.9,0.555,13.0,74.3,2025-26,0.6463414634146342
Phoenix Suns,45.0,37.0,115.4,113.9,1.5,97.2,0.225,0.453,0.568,0.537,12.8,28.9,0.541,14.5,71.9,2025-26,0.5487804878048781
Los Angeles Clippers,42.0,40.0,117.3,116.1,1.2,96.5,0.295,0.404,0.602,0.559,13.2,23.7,0.545,12.9,72.9,2025-26,0.5121951219512195
Orlando Magic,45.0,37.0,114.9,114.3,0.6,100.0,0.311,0.386,0.576,0.531,12.4,25.0,0.545,13.1,75.6,2025-26,0.5487804878048781
Philadelphia 76ers,45.0,37.0,115.4,115.5,-0.1,99.4,0.275,0.391,0.572,0.53,11.9,26.2,0.541,13.3,72.5,2025-26,0.5487804878048781
Portland Trail Blazers,42.0,40.0,114.4,114.7,-0.3,100.5,0.28,0.469,0.57,0.534,14.6,31.3,0.541,13.5,72.7,2025-26,0.5121951219512195
Golden State Warriors,37.0,45.0,115.0,115.6,-0.6,99.0,0.238,0.497,0.584,0.549,13.8,25.8,0.553,14.0,72.9,2025-26,0.4512195121951219
New Orleans Pelicans,26.0,56.0,114.4,118.9,-4.5,100.3,0.284,0.355,0.568,0.527,12.2,27.0,0.555,12.4,71.4,2025-26,0.3170731707317073
Chicago Bulls,31.0,51.0,113.0,118.1,-5.1,102.5,0.246,0.443,0.58,0.547,13.3,23.1,0.553,11.1,75.5,2025-26,0.3780487804878049
Dallas Mavericks,26.0,56.0,111.2,116.5,-5.3,101.7,0.287,0.355,0.564,0.527,12.6,23.2,0.546,11.4,74.1,2025-26,0.3170731707317073
Memphis Grizzlies,25.0,57.0,112.9,118.8,-5.9,101.3,0.251,0.436,0.57,0.533,13.0,24.7,0.562,13.3,70.9,2025-26,0.3048780487804878
Milwaukee Bucks,32.0,50.0,112.9,119.3,-6.4,97.6,0.223,0.457,0.589,0.565,13.9,21.1,0.558,11.7,74.1,2025-26,0.3902439024390244
Indiana Pacers,19.0,63.0,110.9,118.8,-7.9,101.0,0.252,0.422,0.568,0.533,12.8,21.7,0.556,11.7,74.1,2025-26,0.2317073170731707
Utah Jazz,22.0,60.0,114.1,122.3,-8.2,102.3,0.277,0.402,0.575,0.536,13.2,26.2,0.578,12.4,72.9,2025-26,0.2682926829268293
Sacramento Kings,22.0,60.0,111.4,121.5,-10.1,99.2,0.256,0.339,0.56,0.525,12.6,25.9,0.572,12.3,73.5,2025-26,0.2682926829268293
Brooklyn Nets,20.0,62.0,108.7,119.0,-10.3,97.1,0.272,0.455,0.559,0.52,14.3,23.6,0.571,13.2,74.0,2025-26,0.2439024390243902
Washington Wizards,17.0,65.0,111.0,122.7,-11.7,101.4,0.235,0.403,0.566,0.535,13.6,24.1,0.563,11.7,70.2,2025-26,0.2073170731707317
